{"a": 0.31534489435245855, "b": -0.0037512238427719643, "width": 1.2, "height": 0.8, "resolution_x": 1920, "resolution_y": 1080}